-- phpMyAdmin SQL Dump
-- version 5.2.1
-- https://www.phpmyadmin.net/
--
-- Vært: 127.0.0.1
-- Genereringstid: 24. 11 2023 kl. 10:46:50
-- Serverversion: 10.4.28-MariaDB
-- PHP-version: 8.2.4

SET SQL_MODE = "NO_AUTO_VALUE_ON_ZERO";
START TRANSACTION;
SET time_zone = "+00:00";


/*!40101 SET @OLD_CHARACTER_SET_CLIENT=@@CHARACTER_SET_CLIENT */;
/*!40101 SET @OLD_CHARACTER_SET_RESULTS=@@CHARACTER_SET_RESULTS */;
/*!40101 SET @OLD_COLLATION_CONNECTION=@@COLLATION_CONNECTION */;
/*!40101 SET NAMES utf8mb4 */;

--
-- Database: `pizza`
--

-- --------------------------------------------------------

--
-- Struktur-dump for tabellen `kunde`
--

CREATE TABLE `kunde` (
  `KundeID` int(11) NOT NULL,
  `Fornavn` varchar(255) DEFAULT NULL,
  `Efternavn` varchar(255) DEFAULT NULL,
  `Foedselsdag` date DEFAULT NULL,
  `Telefon` varchar(20) DEFAULT NULL,
  `Email` varchar(255) DEFAULT NULL,
  `Adresse` varchar(255) DEFAULT NULL,
  `Postnummer` varchar(4) DEFAULT NULL,
  `Password` varchar(255) DEFAULT NULL,
  `Oprettet` datetime NOT NULL DEFAULT current_timestamp()
) ENGINE=InnoDB DEFAULT CHARSET=utf8mb4 COLLATE=utf8mb4_general_ci;

--
-- Data dump for tabellen `kunde`
--

INSERT INTO `kunde` (`KundeID`, `Fornavn`, `Efternavn`, `Foedselsdag`, `Telefon`, `Email`, `Adresse`, `Postnummer`, `Password`, `Oprettet`) VALUES
(1, 'John', 'Doe', '1943-11-20', '12 34 56 78', 'john.doe@email.com', 'Hovedgade 1', '1000', 'password123', '2023-01-15 14:23:45'),
(2, 'Jane', 'Smith', '1965-06-12', '98 76 54 32', 'jane.smith@email.com', 'Bakkevej 2', '2000', 'securepass', '2023-03-02 08:45:30'),
(3, 'Bob', 'Johnson', '1980-03-05', '55 78 90 12', 'bob.johnson@email.com', 'Ågade 3', '3000', 'pass123', '2023-05-20 17:12:20'),
(4, 'Alice', 'Miller', '1978-09-02', '55 32 16 54', 'alice.miller@email.com', 'Ellevej 4', '4000', 'mypass', '2023-07-08 23:59:59'),
(5, 'Michael', 'Brown', '1956-12-10', '55 44 77 77', 'michael.brown@email.com', 'Egevej 5', '5000', 'brownpass', '2023-09-14 06:34:15'),
(6, 'Emily', 'White', '2001-08-15', '55 11 33 33', 'emily.white@email.com', 'Fyrrestien 6', '6000', 'emilypass', '2023-02-28 19:28:10'),
(7, 'Daniel', 'Lee', '1990-04-18', '55 66 99 99', 'daniel.lee@email.com', 'Granvej 7', '7000', 'danpass', '2023-04-10 10:15:00'),
(8, 'Olivia', 'Taylor', '1972-07-30', '55 22 44 88', 'olivia.taylor@email.com', 'Hasselvej 8', '8000', 'oliviapass', '2023-06-22 02:45:30'),
(9, 'David', 'Garcia', '1952-05-08', '55 99 77 55', 'david.garcia@email.com', 'Irisvej 9', '9000', 'davidpass', '2023-08-01 14:56:48'),
(10, 'Sophia', 'Martin', '1988-11-03', '55 33 88 22', 'sophia.martin@email.com', 'Jupitervej 10', '1000', 'sophiapass', '2023-11-03 21:05:12'),
(11, 'Liam', 'Wilson', '2010-02-14', '55 77 66 11', 'liam.wilson@email.com', 'Kirsebærvej 11', '1100', 'liampass', '2023-02-14 18:30:00'),
(12, 'Emma', 'Davis', '1976-01-25', '55 44 33 66', 'emma.davis@email.com', 'Lønvej 12', '1200', 'emmapass', '2023-01-25 11:11:11'),
(13, 'Noah', 'Taylor', '1983-07-19', '55 77 66 44', 'noah.taylor@email.com', 'Magnolievej 13', '1300', 'noahpass', '2023-07-19 05:02:45'),
(14, 'Olivia', 'Harris', '1968-10-27', '55 33 22 11', 'olivia.harris@email.com', 'Nøddevej 14', '1400', 'oliviapass', '2023-05-27 13:40:20'),
(15, 'Lucas', 'Brown', '1949-06-01', '55 66 11 22', 'lucas.brown@email.com', 'Orkidévej 15', '1500', 'lucaspass', '2023-09-01 22:10:05'),
(16, 'Ava', 'Johnson', '2005-04-03', '55 11 44 55', 'ava.johnson@email.com', 'Pærevej 16', '1600', 'avapass', '2023-04-03 03:20:30'),
(17, 'Mia', 'Martinez', '1975-12-05', '55 33 77 88', 'mia.martinez@email.com', 'Quintana Roo 17', '1700', 'miapass', '2023-12-05 16:48:55'),
(18, 'Liam', 'Davis', '1995-09-15', '55 22 66 33', 'liam.davis@email.com', 'Rosenvej 18', '1800', 'liampass', '2023-09-15 09:00:00'),
(19, 'Emma', 'Garcia', '1960-08-23', '55 88 77 66', 'emma.garcia@email.com', 'Solvang 19', '1900', 'emmapass', '2023-08-23 15:55:30'),
(20, 'Noah', 'Wilson', '2002-07-08', '55 33 88 11', 'noah.wilson@email.com', 'Trævej 20', '2000', 'noahpass', '2023-07-08 00:45:12'),
(21, 'Ava', 'Smith', '1985-02-17', '55 77 11 22', 'ava.smith@email.com', 'Uglevej 21', '2100', 'avapass', '2023-02-17 20:25:40'),
(22, 'Mia', 'White', '1998-11-29', '55 11 33 44', 'mia.white@email.com', 'Vandtårnsvej 22', '2200', 'miapass', '2023-11-29 11:34:18'),
(23, 'Lucas', 'Taylor', '1958-03-14', '55 44 22 88', 'lucas.taylor@email.com', 'Villa Rosa 23', '2300', 'lucaspass', '2023-03-14 19:45:00'),
(24, 'Olivia', 'Harris', '2019-05-28', '55 88 77 33', 'olivia.harris@email.com', 'Vintervej 24', '2400', 'oliviapass', '2023-05-28 07:15:30'),
(25, 'Emma', 'Brown', '1982-04-09', '55 33 88 44', 'emma.brown@email.com', 'Vesterbro 25', '2500', 'emmapass', '2023-04-09 15:28:04'),
(26, 'Sophie', 'Walker', '1993-09-02', '55 77 88 99', 'sophie.walker@email.com', 'Skovvej 26', '2600', 'sophiepass', '2023-09-02 18:52:20'),
(27, 'Jack', 'Harris', '1977-07-11', '55 11 22 33', 'jack.harris@email.com', 'Søvej 27', '2700', 'jackpass', '2023-07-11 23:05:55'),
(28, 'Lily', 'Wilson', '2000-01-08', '55 44 55 66', 'lily.wilson@email.com', 'Strandvej 28', '2800', 'lilypass', '2023-01-08 04:40:30'),
(29, 'Charlie', 'Davis', '1967-04-23', '55 66 77 88', 'charlie.davis@email.com', 'Skolevej 29', '2900', 'charliepass', '2023-04-23 07:11:11'),
(30, 'Mia', 'Taylor', '1987-12-20', '55 99 88 77', 'mia.taylor@email.com', 'Mosevej 30', '3000', 'miapass', '2023-12-20 22:02:45'),
(31, 'Noah', 'Smith', '1954-08-31', '55 22 11 33', 'noah.smith@email.com', 'Markvej 31', '3100', 'noahpass', '2023-08-31 14:30:20'),
(32, 'Olivia', 'Brown', '1991-06-26', '55 33 44 55', 'olivia.brown@email.com', 'Landevej 32', '3200', 'oliviapass', '2023-06-26 12:10:00'),
(33, 'Liam', 'Garcia', '2007-10-14', '55 66 77 88', 'liam.garcia@email.com', 'Kirkevej 33', '3300', 'liampass', '2023-10-14 06:44:30'),
(34, 'Emma', 'Martin', '1950-02-07', '55 88 99 11', 'emma.martin@email.com', 'Højvej 34', '3400', 'emmapass', '2023-02-07 15:56:48'),
(35, 'Lucas', 'Lee', '1989-07-03', '55 11 22 33', 'lucas.lee@email.com', 'Grønvej 35', '3500', 'lucaspass', '2023-07-03 20:05:12'),
(36, 'Ava', 'Wilson', '1947-09-29', '55 33 44 55', 'ava.wilson@email.com', 'Fiskervej 36', '3600', 'avapass', '2023-09-29 01:40:00'),
(37, 'Mia', 'Harris', '1997-01-11', '55 66 77 88', 'mia.harris@email.com', 'Esplanaden 37', '3700', 'miapass', '2023-01-11 17:25:30'),
(38, 'Liam', 'White', '1963-04-16', '55 88 99 11', 'liam.white@email.com', 'Dyrehavevej 38', '4000', 'liampass', '2023-04-16 10:48:55'),
(39, 'Olivia', 'Taylor', '1979-05-06', '55 11 22 33', 'olivia.taylor@email.com', 'Cirkelvej 39', '4000', 'oliviapass', '2023-05-06 16:30:18'),
(40, 'Emma', 'Johnson', '2008-12-02', '55 33 44 55', 'emma.johnson@email.com', 'Bredgade 40', '4000', 'emmapass', '2023-12-02 08:00:00'),
(41, 'Noah', 'Davis', '1969-03-18', '55 66 77 88', 'noah.davis@email.com', 'Aaboulevard 41', '4100', 'noahpass', '2023-03-18 00:55:30'),
(42, 'Sophia', 'Smith', '2014-07-22', '55 88 99 11', 'sophia.smith@email.com', 'Vesterbrogade 42', '4200', 'sophiapass', '2023-07-22 23:28:04'),
(43, 'Oliver', 'Garcia', '1971-10-03', '55 11 22 33', 'oliver.garcia@email.com', 'Østerbrogade 43', '4300', 'oliverpass', '2023-10-03 13:52:20'),
(44, 'Ava', 'Wilson', '1955-11-26', '55 33 44 55', 'ava.wilson@email.com', 'Nørrebrogade 44', '4400', 'avapass', '2023-11-26 05:05:55'),
(45, 'Mia', 'Lee', '2003-03-27', '55 66 77 88', 'mia.lee@email.com', 'Søndergade 45', '4500', 'miapass', '2023-03-27 08:40:30'),
(46, 'Liam', 'Harris', '1986-06-09', '55 88 99 11', 'liam.harris@email.com', 'Algade 46', '4600', 'liampass', '2023-06-09 19:11:11'),
(47, 'Emma', 'White', '1966-09-07', '55 11 22 33', 'emma.white@email.com', 'Hovedgaden 47', '4700', 'emmapass', '2023-09-07 22:02:45'),
(48, 'Noah', 'Taylor', '2017-08-10', '55 33 44 55', 'noah.taylor@email.com', 'Strandgade 48', '4800', 'noahpass', '2023-08-10 02:30:20'),
(49, 'Olivia', 'Martin', '1953-01-15', '55 66 77 88', 'olivia.martin@email.com', 'Langelinie 49', '4900', 'oliviapass', '2023-01-15 14:10:00'),
(50, 'Sophia', 'Brown', '1996-04-05', '55 77 88 99', 'sophia.brown@email.com', 'Vejlevej 50', '5000', 'sophiapass', '2023-04-05 06:44:30'),
(51, 'Jack', 'Wilson', '1974-02-20', '55 77 88 99', 'jack.wilson@email.com', 'Skovvej 51', '5100', 'jackpass', '2023-02-20 15:56:48'),
(52, 'Sophia', 'Davis', '2012-09-30', '55 11 22 33', 'sophia.davis@email.com', 'Søvej 52', '5200', 'sophiapass', '2023-09-30 11:25:12'),
(53, 'Oliver', 'White', '1984-12-14', '55 44 55 66', 'oliver.white@email.com', 'Strandvej 53', '5300', 'oliverpass', '2023-12-14 04:05:00'),
(54, 'Lily', 'Taylor', '1957-05-12', '55 66 77 88', 'lily.taylor@email.com', 'Skolevej 54', '5400', 'lilypass', '2023-05-12 17:25:30'),
(55, 'Charlie', 'Garcia', '1994-02-08', '55 99 88 77', 'charlie.garcia@email.com', 'Mosevej 55', '5500', 'charliepass', '2023-02-08 10:48:55'),
(56, 'Mia', 'Martin', '1970-08-04', '55 22 11 33', 'mia.martin@email.com', 'Markvej 56', '5600', 'miapass', '2023-06-04 00:30:18'),
(57, 'Noah', 'Smith', '2006-06-15', '55 33 44 55', 'noah.smith@email.com', 'Landevej 57', '5700', 'noahpass', '2023-11-09 19:00:00'),
(58, 'Emma', 'Brown', '1981-11-09', '55 66 77 88', 'emma.brown@email.com', 'Kirkevej 58', '5800', 'emmapass', '2023-03-21 23:55:30'),
(59, 'Lucas', 'Taylor', '1961-03-21', '55 88 99 11', 'lucas.taylor@email.com', 'Højvej 59', '5900', 'lucaspass', '2023-06-15 13:28:04'),
(60, 'Ava', 'Lee', '2015-04-18', '55 11 22 33', 'ava.lee@email.com', 'Grønvej 60', '6000', 'avapass', '2023-04-18 05:52:20'),
(61, 'Olivia', 'Garcia', '2004-09-12', '55 33 44 55', 'olivia.garcia@email.com', 'Fiskervej 61', '6100', 'oliviapass', '2023-09-12 07:10:30'),
(62, 'Liam', 'Smith', '1973-12-08', '55 66 77 88', 'liam.smith@email.com', 'Esplanaden 62', '6200', 'liampass', '2023-12-08 14:34:18'),
(63, 'Emma', 'White', '1951-04-23', '55 88 99 11', 'emma.white@email.com', 'Dyrehavevej 63', '6300', 'emmapass', '2023-04-23 21:00:00'),
(64, 'Noah', 'Taylor', '2018-01-07', '55 11 22 33', 'noah.taylor@email.com', 'Cirkelvej 64', '6400', 'noahpass', '2023-01-07 08:56:48'),
(65, 'Sophie', 'Martin', '1983-03-25', '55 33 44 55', 'sophie.martin@email.com', 'Bredgade 65', '6500', 'sophiepass', '2023-03-25 02:20:15'),
(66, 'Jack', 'Davis', '1964-08-01', '55 66 77 88', 'jack.davis@email.com', 'Aaboulevard 66', '6600', 'jackpass', '2023-08-01 18:15:30'),
(67, 'Lily', 'Smith', '1978-01-29', '55 88 99 11', 'lily.smith@email.com', 'Vesterbrogade 67', '6700', 'lilypass', '2023-01-29 11:48:55'),
(68, 'Charlie', 'Garcia', '2011-05-06', '55 11 22 33', 'charlie.garcia@email.com', 'Østerbrogade 68', '6800', 'charliepass', '2023-05-06 01:30:18'),
(69, 'Mia', 'Taylor', '1992-10-19', '55 33 44 55', 'mia.taylor@email.com', 'Nørrebrogade 69', '6900', 'miapass', '2023-10-19 15:44:00'),
(70, 'Noah', 'Davis', '1962-07-17', '55 66 77 88', 'noah.davis@email.com', 'Strandgade 70', '7000', 'noahpass', '2023-07-17 06:08:30'),
(71, 'Sophia', 'Smith', '1999-08-26', '55 88 99 11', 'sophia.smith@email.com', 'Søndergade 71', '7100', 'sophiapass', '2023-08-26 16:22:04'),
(72, 'Oliver', 'Garcia', '1971-12-21', '55 11 22 33', 'oliver.garcia@email.com', 'Algade 72', '7200', 'oliverpass', '2023-12-21 10:05:55'),
(73, 'Ava', 'Wilson', '1980-05-14', '55 33 44 55', 'ava.wilson@email.com', 'Hovedgaden 73', '7300', 'avapass', '2023-05-14 03:40:30'),
(74, 'Liam', 'Harris', '1969-03-18', '55 66 77 88', 'liam.harris@email.com', 'Strandvejen 74', '7400', 'liampass', '2023-03-18 20:11:11'),
(75, 'Emma', 'White', '1975-09-13', '55 88 99 11', 'emma.white@email.com', 'Havnegade 75', '7500', 'emmapass', '2023-09-13 23:02:45'),
(76, 'Olivia', 'Taylor', '1987-01-01', '55 77 88 99', 'olivia.taylor@email.com', 'Banevej 76', '7600', 'oliviapass', '2023-01-01 04:30:20'),
(77, 'Liam', 'Smith', '2013-11-09', '55 11 22 33', 'liam.smith@email.com', 'Stationsvej 77', '7700', 'liampass', '2023-11-09 12:10:00'),
(78, 'Emma', 'Garcia', '1956-02-02', '55 44 55 66', 'emma.garcia@email.com', 'Gadekærvej 78', '7800', 'emmapass', '2023-02-02 07:44:30'),
(79, 'Noah', 'Wilson', '2009-04-28', '55 66 77 88', 'noah.wilson@email.com', 'Ådalen 79', '7900', 'noahpass', '2023-04-28 14:56:48'),
(80, 'Sophie', 'Davis', '1944-07-30', '55 99 88 77', 'sophie.davis@email.com', 'Højmarken 80', '8000', 'sophiepass', '2023-07-30 11:25:12'),
(81, 'Jack', 'Wilson', '1993-08-22', '55 22 11 33', 'jack.wilson@email.com', 'Gartnervænget 81', '8100', 'jackpass', '2023-08-22 05:05:00'),
(82, 'Lily', 'Taylor', '1972-11-02', '55 33 44 55', 'lily.taylor@email.com', 'Nørregade 82', '8200', 'lilypass', '2023-11-02 17:25:30'),
(83, 'Charlie', 'Garcia', '1988-09-04', '55 66 77 88', 'charlie.garcia@email.com', 'Solsortevej 83', '8300', 'charliepass', '2023-09-04 10:48:55'),
(84, 'Mia', 'Martin', '1960-04-11', '55 88 99 11', 'mia.martin@email.com', 'Engvej 84', '8400', 'miapass', '2023-04-11 00:30:18'),
(85, 'Noah', 'Smith', '2016-02-07', '55 11 22 33', 'noah.smith@email.com', 'Brombærvej 85', '8500', 'noahpass', '2023-02-07 19:00:00'),
(86, 'Sophia', 'Davis', '1959-05-19', '55 33 44 55', 'sophia.davis@email.com', 'Nyvej 86', '8600', 'sophiapass', '2023-05-19 23:55:30'),
(87, 'Oliver', 'White', '2010-10-14', '55 66 77 88', 'oliver.white@email.com', 'Skovvejen 87', '8700', 'oliverpass', '2023-10-14 13:28:04'),
(88, 'Lily', 'Taylor', '1967-01-03', '55 88 99 11', 'lily.taylor@email.com', 'Guldsmedevej 88', '8800', 'lilypass', '2023-01-03 05:52:20'),
(89, 'Charlie', 'Garcia', '1995-06-26', '55 11 22 33', 'charlie.garcia@email.com', 'Toftevej 89', '8900', 'charliepass', '2023-06-26 07:10:30'),
(90, 'Mia', 'Martin', '1976-11-28', '55 33 44 55', 'mia.martin@email.com', 'Elmevej 90', '9000', 'miapass', '2023-11-28 14:34:18'),
(91, 'Noah', 'Smith', '1954-03-13', '55 66 77 88', 'noah.smith@email.com', 'Rugvænget 91', '9100', 'noahpass', '2023-03-13 21:00:00'),
(92, 'Sophia', 'Davis', '2001-09-30', '55 88 99 11', 'sophia.davis@email.com', 'Højsletten 92', '9200', 'sophiapass', '2023-09-30 08:56:48'),
(93, 'Oliver', 'White', '1982-07-04', '55 11 22 33', 'oliver.white@email.com', 'Kildevej 93', '9300', 'oliverpass', '2023-07-04 02:20:15'),
(94, 'Lily', 'Taylor', '1968-12-15', '55 33 44 55', 'lily.taylor@email.com', 'Åbrinken 94', '9400', 'lilypass', '2023-12-15 18:15:30'),
(95, 'Charlie', 'Garcia', '1979-04-26', '55 66 77 88', 'charlie.garcia@email.com', 'Skovkanten 95', '9500', 'charliepass', '2023-04-26 11:48:55'),
(96, 'Mia', 'Martin', '2015-08-03', '55 88 99 11', 'mia.martin@email.com', 'Bækvej 96', '9600', 'miapass', '2023-08-03 01:30:18'),
(97, 'Noah', 'Smith', '1996-11-08', '55 11 22 33', 'noah.smith@email.com', 'Birkelunden 97', '9700', 'noahpass', '2023-11-08 15:44:00'),
(98, 'Sophia', 'Davis', '1963-06-20', '55 33 44 55', 'sophia.davis@email.com', 'Skolevænget 98', '9800', 'sophiapass', '2023-06-20 06:08:30'),
(99, 'Oliver', 'White', '2012-04-17', '55 66 77 88', 'oliver.white@email.com', 'Smedevej 99', '9900', 'oliverpass', '2023-04-17 16:22:04'),
(100, 'Lily', 'Taylor', '1952-09-09', '55 88 99 11', 'lily.taylor@email.com', 'Havnegade 100', '1000', 'lilypass', '2023-09-09 10:05:55');

-- --------------------------------------------------------

--
-- Stand-in-struktur for visning `kunde_view`
-- (Se nedenfor for det aktuelle view)
--
CREATE TABLE `kunde_view` (
`KundeID` int(11)
,`Fornavn` varchar(255)
,`Efternavn` varchar(255)
,`Telefon` varchar(20)
,`Adresse` varchar(255)
,`Postnr` varchar(4)
,`Bynavn` varchar(50)
);

-- --------------------------------------------------------

--
-- Struktur-dump for tabellen `ordrer`
--

CREATE TABLE `ordrer` (
  `ID` int(11) NOT NULL,
  `KundeID` int(11) DEFAULT NULL,
  `Oprettet` datetime DEFAULT current_timestamp(),
  `TotalPris` decimal(5,2) NOT NULL DEFAULT 0.00,
  `Forudbestilt` datetime DEFAULT NULL,
  `Leveres` tinyint(1) NOT NULL DEFAULT 0,
  `Betalt` tinyint(1) NOT NULL DEFAULT 0,
  `Faerdig` tinyint(1) NOT NULL DEFAULT 0
) ENGINE=InnoDB DEFAULT CHARSET=utf8mb4 COLLATE=utf8mb4_general_ci;

--
-- Data dump for tabellen `ordrer`
--

INSERT INTO `ordrer` (`ID`, `KundeID`, `Oprettet`, `TotalPris`, `Forudbestilt`, `Leveres`, `Betalt`, `Faerdig`) VALUES
(1001, 45, '2023-11-20 10:48:55', 190.00, NULL, 1, 1, 1),
(1002, 78, '2023-11-20 10:48:55', 170.00, NULL, 0, 1, 1),
(1003, 21, '2023-11-20 11:48:55', 90.00, NULL, 1, 1, 1),
(1004, 92, '2023-11-20 11:48:55', 240.00, NULL, 0, 1, 1),
(1005, 10, '2023-11-20 13:28:04', 160.00, NULL, 1, 1, 1),
(1006, 32, '2023-11-20 13:28:04', 95.00, NULL, 1, 1, 1),
(1007, 67, '2023-11-20 13:52:20', 270.00, NULL, 0, 1, 1),
(1008, 14, '2023-11-20 14:23:45', 170.00, NULL, 1, 1, 1),
(1009, 53, '2023-11-20 14:30:20', 190.00, NULL, 0, 1, 1),
(1010, 89, '2023-11-20 14:56:48', 300.00, NULL, 0, 1, 1),
(1011, 36, '2023-11-20 15:55:30', 255.00, NULL, 1, 1, 1),
(1012, 2, '2023-11-20 15:56:48', 330.00, NULL, 0, 1, 1),
(1013, 78, '2023-11-20 16:22:04', 645.00, NULL, 1, 1, 1),
(1014, 61, '2023-11-20 16:22:04', 315.00, NULL, 0, 1, 1),
(1015, 9, '2023-11-20 16:30:18', 170.00, NULL, 1, 1, 1),
(1016, 24, '2023-11-20 18:30:00', 180.00, NULL, 1, 1, 1),
(1017, 47, '2023-11-20 19:45:00', 375.00, NULL, 0, 1, 1),
(1018, 3, '2023-11-20 20:05:12', 260.00, NULL, 1, 1, 1),
(1019, 73, '2023-11-20 21:00:00', 455.00, NULL, 0, 1, 1),
(1020, 52, '2023-11-20 21:00:00', 475.00, NULL, 0, 1, 1),
(1021, 11, '2023-11-20 22:02:45', 240.00, NULL, 1, 1, 1),
(1022, 86, '2023-11-20 22:10:05', 270.00, NULL, 1, 1, 1),
(1023, 41, '2023-11-20 23:02:45', 540.00, NULL, 0, 1, 1),
(1024, 14, '2023-11-20 23:05:55', 450.00, NULL, 1, 1, 1),
(1025, 68, '2023-11-20 23:59:59', 180.00, NULL, 1, 1, 1),
(1026, 93, '2023-11-21 06:08:30', 260.00, NULL, 0, 1, 1),
(1027, 19, '2023-11-21 06:08:30', 535.00, NULL, 1, 1, 1),
(1028, 55, '2023-11-21 06:44:30', 510.00, NULL, 0, 1, 1),
(1029, 33, '2023-11-21 07:44:30', 510.00, NULL, 0, 1, 1),
(1030, 75, '2023-11-21 09:00:00', 490.00, NULL, 1, 1, 1),
(1031, 10, '2023-11-21 10:15:00', 330.00, NULL, 0, 1, 1),
(1032, 51, '2023-11-21 10:48:55', 535.00, NULL, 1, 1, 1),
(1033, 84, '2023-11-21 11:34:18', 350.00, NULL, 0, 1, 1),
(1034, 27, '2023-11-21 13:40:20', 355.00, NULL, 1, 1, 1),
(1035, 69, '2023-11-21 14:34:18', 190.00, NULL, 1, 1, 1),
(1036, 5, '2023-11-21 14:34:18', 555.00, NULL, 0, 1, 1),
(1037, 44, '2023-11-21 15:56:48', 355.00, NULL, 0, 1, 1),
(1038, 83, '2023-11-21 17:12:20', 355.00, NULL, 1, 1, 1),
(1039, 28, '2023-11-21 17:25:30', 95.00, NULL, 1, 1, 1),
(1040, 62, '2023-11-21 17:25:30', 160.00, NULL, 0, 1, 1),
(1041, 77, '2023-11-21 18:15:30', 655.00, NULL, 1, 1, 1),
(1042, 8, '2023-11-21 18:15:30', 455.00, NULL, 0, 1, 1),
(1043, 18, '2023-11-21 18:52:20', 475.00, NULL, 1, 1, 1),
(1044, 38, '2023-11-21 19:11:11', 440.00, NULL, 0, 1, 1),
(1045, 7, '2023-11-21 20:11:11', 195.00, NULL, 1, 1, 1),
(1046, 96, '2023-11-21 21:05:12', 365.00, NULL, 1, 1, 1),
(1047, 2, '2023-11-21 22:02:45', 650.00, NULL, 0, 1, 1),
(1048, 25, '2023-11-21 23:28:04', 825.00, NULL, 1, 1, 1),
(1049, 60, '2023-11-21 23:55:30', 595.00, NULL, 0, 1, 1),
(1050, 36, '2023-11-21 23:55:30', 315.00, NULL, 0, 1, 1),
(1051, 64, '2023-11-22 00:55:30', 190.00, NULL, 1, 1, 1),
(1052, 14, '2023-11-22 02:20:15', 325.00, NULL, 1, 1, 1),
(1053, 91, '2023-11-22 02:20:15', 555.00, NULL, 0, 1, 1),
(1054, 46, '2023-11-22 03:40:30', 540.00, NULL, 1, 1, 1),
(1055, 20, '2023-11-22 04:05:00', 275.00, NULL, 0, 1, 1),
(1056, 82, '2023-11-22 05:02:45', 260.00, NULL, 0, 1, 1),
(1057, 17, '2023-11-22 05:05:00', 620.00, NULL, 1, 1, 1),
(1058, 53, '2023-11-22 06:44:30', 170.00, NULL, 0, 1, 1),
(1059, 9, '2023-11-22 07:10:30', 330.00, NULL, 1, 1, 1),
(1060, 48, '2023-11-22 07:10:30', 280.00, NULL, 1, 1, 1),
(1061, 26, '2023-11-22 07:11:11', 355.00, NULL, 0, 1, 1),
(1062, 95, '2023-11-22 08:40:30', 275.00, NULL, 1, 1, 1),
(1063, 4, '2023-11-22 08:45:30', 505.00, NULL, 1, 1, 1),
(1064, 71, '2023-11-22 12:10:00', 425.00, NULL, 0, 1, 1),
(1065, 67, '2023-11-22 14:10:00', 270.00, NULL, 0, 1, 1),
(1066, 13, '2023-11-22 14:56:48', 175.00, NULL, 1, 1, 1),
(1067, 39, '2023-11-22 15:28:04', 640.00, NULL, 1, 1, 1),
(1068, 80, '2023-11-22 15:44:00', 445.00, NULL, 0, 1, 1),
(1069, 15, '2023-11-22 15:44:00', 350.00, NULL, 1, 1, 1),
(1070, 50, '2023-11-22 16:48:55', 360.00, NULL, 0, 1, 1),
(1071, 23, '2023-11-22 17:25:30', 180.00, NULL, 1, 1, 1),
(1072, 98, '2023-11-22 19:00:00', 690.00, NULL, 1, 1, 1),
(1073, 77, '2023-11-22 19:00:00', 655.00, NULL, 0, 1, 1),
(1074, 56, '2023-11-22 19:28:10', 360.00, NULL, 1, 1, 1),
(1075, 1, '2023-11-22 20:25:40', 565.00, NULL, 0, 0, 0),
(1076, 33, '2023-11-23 00:30:18', 640.00, NULL, 0, 0, 0),
(1077, 49, '2023-11-23 00:30:18', 190.00, NULL, 1, 0, 0),
(1078, 12, '2023-11-23 00:45:12', 870.00, NULL, 0, 0, 0),
(1079, 58, '2023-11-23 01:30:18', 740.00, NULL, 1, 0, 0),
(1080, 74, '2023-11-23 01:30:18', 480.00, NULL, 0, 0, 0),
(1081, 88, '2023-11-23 01:40:00', 480.00, NULL, 1, 0, 0),
(1082, 31, '2023-11-23 02:30:20', 360.00, NULL, 0, 0, 0),
(1083, 66, '2023-11-23 02:45:30', 430.00, NULL, 1, 0, 0),
(1084, 5, '2023-11-23 03:20:30', 460.00, NULL, 1, 0, 0),
(1085, 99, '2023-11-23 04:30:20', 610.00, NULL, 0, 0, 0),
(1086, 42, '2023-11-23 04:40:30', 345.00, NULL, 0, 0, 0),
(1087, 79, '2023-11-23 05:05:55', 810.00, NULL, 1, 0, 0),
(1088, 55, '2023-11-23 05:52:20', 300.00, NULL, 1, 0, 0),
(1089, 37, '2023-11-23 05:52:20', 90.00, NULL, 0, 0, 0),
(1090, 68, '2023-11-23 06:34:15', 650.00, NULL, 1, 0, 0),
(1091, 22, '2023-11-23 07:15:30', 665.00, NULL, 0, 0, 0),
(1092, 81, '2023-11-23 08:00:00', 255.00, NULL, 1, 0, 0),
(1093, 26, '2023-11-23 08:56:48', 440.00, NULL, 0, 0, 0),
(1094, 63, '2023-11-23 08:56:48', 385.00, NULL, 1, 0, 0),
(1095, 19, '2023-11-23 10:05:55', 885.00, NULL, 1, 0, 0),
(1096, 8, '2023-11-23 10:05:55', 455.00, NULL, 0, 0, 0),
(1097, 97, '2023-11-23 11:11:11', 350.00, NULL, 1, 0, 0),
(1098, 37, '2023-11-23 11:25:12', 440.00, NULL, 0, 0, 0),
(1099, 61, '2023-11-23 11:25:12', 430.00, NULL, 0, 0, 0),
(1100, 3, '2023-11-23 12:10:00', 100.00, NULL, 1, 0, 0);

-- --------------------------------------------------------

--
-- Stand-in-struktur for visning `ordrer_totalpris`
-- (Se nedenfor for det aktuelle view)
--
CREATE TABLE `ordrer_totalpris` (
`ID` int(11)
,`TotalPris` decimal(37,2)
);

-- --------------------------------------------------------

--
-- Stand-in-struktur for visning `ordrer_view`
-- (Se nedenfor for det aktuelle view)
--
CREATE TABLE `ordrer_view` (
`ID` int(11)
,`Oprettet` datetime
,`Betalt` tinyint(1)
,`Faerdig` tinyint(1)
,`PizzaID` int(11)
,`PizzaNavn` varchar(255)
,`Toppings` mediumtext
,`StkPris` decimal(5,2)
,`Antal` int(11)
,`Pris` decimal(15,2)
,`TotalPris` decimal(5,2)
,`KundeID` int(11)
,`Fornavn` varchar(255)
,`Efternavn` varchar(255)
,`Telefon` varchar(20)
,`Adresse` varchar(255)
,`Postnr` varchar(4)
,`Bynavn` varchar(50)
);

-- --------------------------------------------------------

--
-- Struktur-dump for tabellen `pizzamenu`
--

CREATE TABLE `pizzamenu` (
  `PizzaID` int(11) NOT NULL,
  `PizzaNavn` varchar(255) DEFAULT NULL,
  `StkPris` decimal(5,2) DEFAULT NULL
) ENGINE=InnoDB DEFAULT CHARSET=utf8mb4 COLLATE=utf8mb4_general_ci;

--
-- Data dump for tabellen `pizzamenu`
--

INSERT INTO `pizzamenu` (`PizzaID`, `PizzaNavn`, `StkPris`) VALUES
(1, 'Margherita', 75.00),
(2, 'Pepperoni Passion', 85.00),
(3, 'Vegetarisk Deluxe', 80.00),
(4, 'BBQ Chicken', 90.00),
(5, 'Fire Cheese', 95.00),
(6, 'Hawaiian', 85.00),
(7, 'Capricciosa', 90.00),
(8, 'Quattro Stagioni', 95.00),
(9, 'Spinat og Feta', 80.00),
(10, 'Seafood Special', 100.00),
(11, 'Mexican Madness', 95.00),
(12, 'Pesto Chicken', 90.00),
(13, 'Primavera', 85.00),
(14, 'Prosciutto e Rucola', 95.00),
(15, 'Meat Lovers', 100.00),
(16, 'Buffalo Chicken', 90.00),
(17, 'Mushroom Madness', 85.00),
(18, 'Mediterranean Delight', 90.00),
(19, 'Blue Cheese Bliss', 95.00),
(20, 'Sweet and Spicy', 85.00),
(21, 'Provolone Perfection', 95.00),
(22, 'Truffle Tremor', 100.00),
(23, 'Shrimp Scampi Supreme', 95.00),
(24, 'Caprese Crush', 90.00),
(25, 'Greek Goddess', 85.00),
(26, 'Chicken Alfredo', 90.00),
(27, 'Margherita al Pesto', 80.00),
(28, 'Spicy Sausage Sensation', 95.00),
(29, 'Vegan Veggie Delight', 85.00),
(30, 'Tandoori Temptation', 100.00);

-- --------------------------------------------------------

--
-- Stand-in-struktur for visning `pizzamenu_view`
-- (Se nedenfor for det aktuelle view)
--
CREATE TABLE `pizzamenu_view` (
`PizzaID` int(11)
,`PizzaNavn` varchar(255)
,`Toppings` mediumtext
,`StkPris` decimal(5,2)
);

-- --------------------------------------------------------

--
-- Struktur-dump for tabellen `pizzaordrer`
--

CREATE TABLE `pizzaordrer` (
  `PizzaID` int(11) NOT NULL,
  `OrdrerID` int(11) NOT NULL,
  `Antal` int(11) NOT NULL DEFAULT 1
) ENGINE=InnoDB DEFAULT CHARSET=utf8mb4 COLLATE=utf8mb4_general_ci;

--
-- Data dump for tabellen `pizzaordrer`
--

INSERT INTO `pizzaordrer` (`PizzaID`, `OrdrerID`, `Antal`) VALUES
(1, 1014, 3),
(1, 1031, 1),
(1, 1032, 1),
(1, 1050, 2),
(1, 1052, 3),
(1, 1057, 2),
(1, 1063, 3),
(1, 1095, 3),
(1, 1098, 2),
(2, 1002, 2),
(2, 1026, 2),
(2, 1027, 2),
(2, 1031, 3),
(2, 1042, 2),
(2, 1064, 3),
(2, 1070, 2),
(2, 1072, 3),
(2, 1079, 2),
(2, 1086, 3),
(2, 1093, 2),
(3, 1004, 3),
(3, 1012, 2),
(3, 1028, 2),
(3, 1040, 2),
(3, 1050, 1),
(3, 1056, 1),
(3, 1059, 3),
(3, 1083, 3),
(3, 1085, 2),
(3, 1091, 3),
(3, 1099, 1),
(4, 1014, 1),
(4, 1025, 2),
(4, 1033, 2),
(4, 1038, 3),
(4, 1060, 1),
(4, 1078, 3),
(4, 1086, 1),
(4, 1090, 3),
(5, 1013, 3),
(5, 1017, 3),
(5, 1023, 3),
(5, 1039, 1),
(5, 1053, 3),
(5, 1055, 1),
(5, 1063, 2),
(5, 1079, 3),
(5, 1094, 1),
(6, 1011, 3),
(6, 1019, 3),
(6, 1033, 2),
(6, 1044, 2),
(6, 1050, 1),
(6, 1061, 1),
(6, 1064, 1),
(6, 1075, 2),
(6, 1092, 3),
(6, 1099, 2),
(7, 1013, 1),
(7, 1024, 3),
(7, 1027, 3),
(7, 1029, 3),
(7, 1046, 3),
(7, 1055, 2),
(7, 1065, 3),
(7, 1071, 2),
(7, 1076, 2),
(7, 1085, 2),
(8, 1030, 2),
(8, 1035, 1),
(8, 1041, 3),
(8, 1045, 1),
(8, 1069, 1),
(8, 1077, 2),
(8, 1095, 2),
(8, 1096, 1),
(9, 1005, 2),
(9, 1021, 3),
(9, 1029, 3),
(9, 1061, 1),
(9, 1074, 2),
(9, 1081, 1),
(9, 1084, 1),
(10, 1041, 1),
(10, 1045, 1),
(10, 1052, 1),
(10, 1067, 1),
(10, 1080, 1),
(10, 1088, 3),
(10, 1094, 2),
(11, 1001, 2),
(11, 1020, 3),
(11, 1043, 2),
(11, 1060, 2),
(11, 1061, 2),
(11, 1070, 2),
(11, 1083, 2),
(11, 1097, 1),
(12, 1013, 3),
(12, 1036, 3),
(12, 1041, 3),
(12, 1044, 2),
(12, 1048, 3),
(12, 1072, 2),
(12, 1089, 1),
(12, 1094, 1),
(13, 1024, 1),
(13, 1034, 1),
(13, 1036, 1),
(13, 1038, 1),
(13, 1058, 2),
(13, 1066, 1),
(13, 1069, 3),
(13, 1095, 2),
(13, 1097, 3),
(14, 1009, 2),
(14, 1032, 2),
(14, 1048, 3),
(14, 1054, 3),
(14, 1067, 3),
(14, 1073, 3),
(14, 1080, 1),
(14, 1084, 2),
(14, 1098, 2),
(15, 1019, 2),
(15, 1030, 3),
(15, 1051, 1),
(15, 1057, 2),
(15, 1075, 3),
(15, 1078, 3),
(15, 1081, 1),
(15, 1095, 3),
(15, 1100, 1),
(16, 1007, 3),
(16, 1018, 1),
(16, 1032, 3),
(16, 1034, 3),
(16, 1037, 2),
(16, 1051, 1),
(16, 1063, 1),
(16, 1085, 3),
(16, 1093, 3),
(17, 1018, 2),
(17, 1022, 2),
(17, 1049, 2),
(17, 1056, 1),
(17, 1091, 3),
(17, 1096, 2),
(18, 1003, 1),
(18, 1026, 1),
(18, 1048, 3),
(18, 1057, 3),
(18, 1059, 1),
(18, 1062, 2),
(18, 1099, 2),
(19, 1020, 2),
(19, 1027, 1),
(19, 1035, 1),
(19, 1042, 2),
(19, 1047, 3),
(19, 1056, 1),
(19, 1062, 1),
(19, 1080, 3),
(19, 1084, 2),
(19, 1090, 2),
(20, 1012, 2),
(20, 1015, 2),
(20, 1028, 2),
(20, 1037, 1),
(20, 1049, 3),
(20, 1053, 2),
(20, 1064, 1),
(20, 1082, 2),
(21, 1024, 1),
(21, 1042, 1),
(21, 1068, 2),
(21, 1073, 3),
(21, 1079, 3),
(21, 1082, 2),
(21, 1090, 2),
(21, 1096, 2),
(22, 1010, 3),
(22, 1022, 1),
(22, 1036, 2),
(22, 1053, 1),
(22, 1074, 2),
(22, 1078, 3),
(22, 1081, 3),
(22, 1098, 1),
(23, 1006, 1),
(23, 1043, 3),
(23, 1046, 1),
(23, 1047, 1),
(23, 1075, 1),
(23, 1076, 2),
(23, 1087, 3),
(24, 1016, 2),
(24, 1017, 1),
(24, 1028, 2),
(24, 1037, 1),
(24, 1044, 1),
(24, 1047, 3),
(24, 1066, 1),
(24, 1076, 3),
(24, 1087, 3),
(25, 1008, 2),
(25, 1023, 3),
(25, 1049, 2),
(25, 1054, 3),
(25, 1067, 3),
(25, 1068, 3),
(25, 1072, 3),
(25, 1073, 1),
(25, 1087, 3),
(25, 1091, 2);

-- --------------------------------------------------------

--
-- Struktur-dump for tabellen `pizzatoppings`
--

CREATE TABLE `pizzatoppings` (
  `PizzaID` int(11) NOT NULL,
  `ToppingID` int(11) NOT NULL
) ENGINE=InnoDB DEFAULT CHARSET=utf8mb4 COLLATE=utf8mb4_general_ci;

--
-- Data dump for tabellen `pizzatoppings`
--

INSERT INTO `pizzatoppings` (`PizzaID`, `ToppingID`) VALUES
(1, 1),
(1, 2),
(1, 3),
(2, 4),
(2, 5),
(2, 6),
(3, 7),
(3, 8),
(3, 9),
(3, 10),
(4, 8),
(4, 11),
(4, 12),
(5, 2),
(5, 13),
(5, 14),
(5, 15),
(6, 5),
(6, 16),
(6, 17),
(7, 7),
(7, 10),
(7, 16),
(7, 18),
(8, 7),
(8, 10),
(8, 16),
(8, 18),
(9, 6),
(9, 19),
(9, 20),
(10, 21),
(10, 22),
(10, 23),
(11, 8),
(11, 24),
(11, 25),
(11, 26),
(12, 1),
(12, 11),
(12, 27),
(13, 28),
(13, 29),
(13, 30),
(14, 31),
(14, 32),
(14, 33),
(15, 4),
(15, 5),
(15, 16),
(15, 24),
(16, 11),
(16, 34),
(17, 5),
(17, 7),
(17, 32),
(18, 10),
(18, 20),
(18, 33),
(19, 34),
(19, 35),
(19, 36),
(20, 5),
(20, 17),
(20, 25),
(21, 8),
(21, 37),
(21, 43),
(22, 7),
(22, 14),
(22, 32),
(23, 21),
(23, 38),
(23, 39),
(24, 1),
(24, 2),
(24, 3),
(24, 40),
(25, 10),
(25, 20),
(25, 30),
(25, 41),
(26, 11),
(26, 27),
(26, 42),
(27, 1),
(27, 2),
(27, 43),
(28, 8),
(28, 9),
(28, 43),
(29, 6),
(29, 44),
(29, 46),
(30, 8),
(30, 11),
(30, 45);

-- --------------------------------------------------------

--
-- Struktur-dump for tabellen `postnrby`
--

CREATE TABLE `postnrby` (
  `Postnr` varchar(4) NOT NULL,
  `Bynavn` varchar(50) NOT NULL
) ENGINE=InnoDB DEFAULT CHARSET=utf8mb4 COLLATE=utf8mb4_general_ci;

--
-- Data dump for tabellen `postnrby`
--

INSERT INTO `postnrby` (`Postnr`, `Bynavn`) VALUES
('0800', 'Høje Taastrup'),
('0877', 'København C'),
('0892', 'Sjælland USF P'),
('0893', 'Sjælland USF B'),
('0894', 'Udbetaling'),
('0899', 'Kommuneservice'),
('0900', 'København C'),
('0910', 'København C'),
('0913', 'Københavns Pakkecenter'),
('0914', 'Københavns Pakkecenter'),
('0917', 'Københavns Pakkecenter'),
('0918', 'Københavns Pakke BRC'),
('0919', 'Returprint BRC'),
('0929', 'København C'),
('0960', 'Internationalt Postcenter'),
('0999', 'København C'),
('1000', 'København K'),
('1001', 'København K'),
('1002', 'København K'),
('1003', 'København K'),
('1004', 'København K'),
('1005', 'København K'),
('1006', 'København K'),
('1007', 'København K'),
('1008', 'København K'),
('1009', 'København K'),
('1010', 'København K'),
('1011', 'København K'),
('1012', 'København K'),
('1013', 'København K'),
('1014', 'København K'),
('1015', 'København K'),
('1016', 'København K'),
('1017', 'København K'),
('1018', 'København K'),
('1019', 'København K'),
('1020', 'København K'),
('1021', 'København K'),
('1022', 'København K'),
('1023', 'København K'),
('1024', 'København K'),
('1025', 'København K'),
('1026', 'København K'),
('1045', 'København K'),
('1050', 'København K'),
('1051', 'København K'),
('1052', 'København K'),
('1053', 'København K'),
('1054', 'København K'),
('1055', 'København K'),
('1056', 'København K'),
('1057', 'København K'),
('1058', 'København K'),
('1059', 'København K'),
('1060', 'København K'),
('1061', 'København K'),
('1062', 'København K'),
('1063', 'København K'),
('1064', 'København K'),
('1065', 'København K'),
('1066', 'København K'),
('1067', 'København K'),
('1068', 'København K'),
('1069', 'København K'),
('1070', 'København K'),
('1071', 'København K'),
('1072', 'København K'),
('1073', 'København K'),
('1074', 'København K'),
('1092', 'København K'),
('1093', 'København K'),
('1095', 'København K'),
('1098', 'København K'),
('1100', 'København K'),
('1101', 'København K'),
('1102', 'København K'),
('1103', 'København K'),
('1104', 'København K'),
('1105', 'København K'),
('1106', 'København K'),
('1107', 'København K'),
('1110', 'København K'),
('1111', 'København K'),
('1112', 'København K'),
('1113', 'København K'),
('1114', 'København K'),
('1115', 'København K'),
('1116', 'København K'),
('1117', 'København K'),
('1118', 'København K'),
('1119', 'København K'),
('1120', 'København K'),
('1121', 'København K'),
('1122', 'København K'),
('1123', 'København K'),
('1124', 'København K'),
('1125', 'København K'),
('1126', 'København K'),
('1127', 'København K'),
('1128', 'København K'),
('1129', 'København K'),
('1130', 'København K'),
('1131', 'København K'),
('1140', 'København K'),
('1147', 'København K'),
('1148', 'København K'),
('1150', 'København K'),
('1151', 'København K'),
('1152', 'København K'),
('1153', 'København K'),
('1154', 'København K'),
('1155', 'København K'),
('1156', 'København K'),
('1157', 'København K'),
('1158', 'København K'),
('1159', 'København K'),
('1160', 'København K'),
('1161', 'København K'),
('1162', 'København K'),
('1164', 'København K'),
('1165', 'København K'),
('1166', 'København K'),
('1167', 'København K'),
('1168', 'København K'),
('1169', 'København K'),
('1170', 'København K'),
('1171', 'København K'),
('1172', 'København K'),
('1173', 'København K'),
('1174', 'København K'),
('1175', 'København K'),
('1200', 'København K'),
('1201', 'København K'),
('1202', 'København K'),
('1203', 'København K'),
('1204', 'København K'),
('1205', 'København K'),
('1206', 'København K'),
('1207', 'København K'),
('1208', 'København K'),
('1209', 'København K'),
('1210', 'København K'),
('1211', 'København K'),
('1212', 'København K'),
('1213', 'København K'),
('1214', 'København K'),
('1215', 'København K'),
('1216', 'København K'),
('1217', 'København K'),
('1218', 'København K'),
('1219', 'København K'),
('1220', 'København K'),
('1221', 'København K'),
('1240', 'København K'),
('1250', 'København K'),
('1251', 'København K'),
('1252', 'København K'),
('1253', 'København K'),
('1254', 'København K'),
('1255', 'København K'),
('1256', 'København K'),
('1257', 'København K'),
('1259', 'København K'),
('1260', 'København K'),
('1261', 'København K'),
('1263', 'København K'),
('1264', 'København K'),
('1265', 'København K'),
('1266', 'København K'),
('1267', 'København K'),
('1268', 'København K'),
('1270', 'København K'),
('1271', 'København K'),
('1300', 'København K'),
('1301', 'København K'),
('1302', 'København K'),
('1303', 'København K'),
('1304', 'København K'),
('1306', 'København K'),
('1307', 'København K'),
('1308', 'København K'),
('1309', 'København K'),
('1310', 'København K'),
('1311', 'København K'),
('1312', 'København K'),
('1313', 'København K'),
('1314', 'København K'),
('1315', 'København K'),
('1316', 'København K'),
('1317', 'København K'),
('1318', 'København K'),
('1319', 'København K'),
('1320', 'København K'),
('1321', 'København K'),
('1322', 'København K'),
('1323', 'København K'),
('1324', 'København K'),
('1325', 'København K'),
('1326', 'København K'),
('1327', 'København K'),
('1328', 'København K'),
('1329', 'København K'),
('1350', 'København K'),
('1352', 'København K'),
('1353', 'København K'),
('1354', 'København K'),
('1355', 'København K'),
('1356', 'København K'),
('1357', 'København K'),
('1358', 'København K'),
('1359', 'København K'),
('1360', 'København K'),
('1361', 'København K'),
('1362', 'København K'),
('1363', 'København K'),
('1364', 'København K'),
('1365', 'København K'),
('1366', 'København K'),
('1367', 'København K'),
('1368', 'København K'),
('1369', 'København K'),
('1370', 'København K'),
('1371', 'København K'),
('1400', 'København K'),
('1401', 'København K'),
('1402', 'København K'),
('1403', 'København K'),
('1406', 'København K'),
('1407', 'København K'),
('1408', 'København K'),
('1409', 'København K'),
('1410', 'København K'),
('1411', 'København K'),
('1412', 'København K'),
('1413', 'København K'),
('1414', 'København K'),
('1415', 'København K'),
('1416', 'København K'),
('1417', 'København K'),
('1418', 'København K'),
('1419', 'København K'),
('1420', 'København K'),
('1421', 'København K'),
('1422', 'København K'),
('1423', 'København K'),
('1424', 'København K'),
('1425', 'København K'),
('1426', 'København K'),
('1427', 'København K'),
('1428', 'København K'),
('1429', 'København K'),
('1430', 'København K'),
('1432', 'København K'),
('1433', 'København K'),
('1434', 'København K'),
('1435', 'København K'),
('1436', 'København K'),
('1437', 'København K'),
('1438', 'København K'),
('1439', 'København K'),
('1440', 'København K'),
('1441', 'København K'),
('1448', 'København K'),
('1450', 'København K'),
('1451', 'København K'),
('1452', 'København K'),
('1453', 'København K'),
('1454', 'København K'),
('1455', 'København K'),
('1456', 'København K'),
('1457', 'København K'),
('1458', 'København K'),
('1459', 'København K'),
('1460', 'København K'),
('1461', 'København K'),
('1462', 'København K'),
('1463', 'København K'),
('1464', 'København K'),
('1465', 'København K'),
('1466', 'København K'),
('1467', 'København K'),
('1468', 'København K'),
('1470', 'København K'),
('1471', 'København K'),
('1472', 'København K'),
('1473', 'København K'),
('1500', 'København V'),
('1501', 'København V'),
('1502', 'København V'),
('1503', 'København V'),
('1504', 'København V'),
('1505', 'København V'),
('1506', 'København V'),
('1507', 'København V'),
('1508', 'København V'),
('1509', 'København V'),
('1510', 'København V'),
('1512', 'Returpost'),
('1513', 'Flytninger og Nejtak'),
('1532', 'København V'),
('1533', 'København V'),
('1550', 'København V'),
('1551', 'København V'),
('1552', 'København V'),
('1553', 'København V'),
('1554', 'København V'),
('1555', 'København V'),
('1556', 'København V'),
('1557', 'København V'),
('1558', 'København V'),
('1559', 'København V'),
('1560', 'København V'),
('1561', 'København V'),
('1562', 'København V'),
('1563', 'København V'),
('1564', 'København V'),
('1567', 'København V'),
('1568', 'København V'),
('1569', 'København V'),
('1570', 'København V'),
('1571', 'København V'),
('1572', 'København V'),
('1573', 'København V'),
('1574', 'København V'),
('1575', 'København V'),
('1576', 'København V'),
('1577', 'København V'),
('1592', 'København V'),
('1599', 'København V'),
('1600', 'København V'),
('1601', 'København V'),
('1602', 'København V'),
('1603', 'København V'),
('1604', 'København V'),
('1605', 'København V'),
('1606', 'København V'),
('1607', 'København V'),
('1608', 'København V'),
('1609', 'København V'),
('1610', 'København V'),
('1611', 'København V'),
('1612', 'København V'),
('1613', 'København V'),
('1614', 'København V'),
('1615', 'København V'),
('1616', 'København V'),
('1617', 'København V'),
('1618', 'København V'),
('1619', 'København V'),
('1620', 'København V'),
('1621', 'København V'),
('1622', 'København V'),
('1623', 'København V'),
('1624', 'København V'),
('1630', 'København V'),
('1631', 'København V'),
('1632', 'København V'),
('1633', 'København V'),
('1634', 'København V'),
('1635', 'København V'),
('1650', 'København V'),
('1651', 'København V'),
('1652', 'København V'),
('1653', 'København V'),
('1654', 'København V'),
('1655', 'København V'),
('1656', 'København V'),
('1657', 'København V'),
('1658', 'København V'),
('1659', 'København V'),
('1660', 'København V'),
('1661', 'København V'),
('1662', 'København V'),
('1663', 'København V'),
('1664', 'København V'),
('1665', 'København V'),
('1666', 'København V'),
('1667', 'København V'),
('1668', 'København V'),
('1669', 'København V'),
('1670', 'København V'),
('1671', 'København V'),
('1672', 'København V'),
('1673', 'København V'),
('1674', 'København V'),
('1675', 'København V'),
('1676', 'København V'),
('1677', 'København V'),
('1699', 'København V'),
('1700', 'København V'),
('1701', 'København V'),
('1702', 'København V'),
('1703', 'København V'),
('1704', 'København V'),
('1705', 'København V'),
('1706', 'København V'),
('1707', 'København V'),
('1708', 'København V'),
('1709', 'København V'),
('1710', 'København V'),
('1711', 'København V'),
('1712', 'København V'),
('1714', 'København V'),
('1715', 'København V'),
('1716', 'København V'),
('1717', 'København V'),
('1718', 'København V'),
('1719', 'København V'),
('1720', 'København V'),
('1721', 'København V'),
('1722', 'København V'),
('1723', 'København V'),
('1724', 'København V'),
('1725', 'København V'),
('1726', 'København V'),
('1727', 'København V'),
('1728', 'København V'),
('1729', 'København V'),
('1730', 'København V'),
('1731', 'København V'),
('1732', 'København V'),
('1733', 'København V'),
('1734', 'København V'),
('1735', 'København V'),
('1736', 'København V'),
('1737', 'København V'),
('1738', 'København V'),
('1739', 'København V'),
('1749', 'København V'),
('1750', 'København V'),
('1751', 'København V'),
('1752', 'København V'),
('1753', 'København V'),
('1754', 'København V'),
('1755', 'København V'),
('1756', 'København V'),
('1757', 'København V'),
('1758', 'København V'),
('1759', 'København V'),
('1760', 'København V'),
('1761', 'København V'),
('1762', 'København V'),
('1763', 'København V'),
('1764', 'København V'),
('1765', 'København V'),
('1766', 'København V'),
('1770', 'København V'),
('1771', 'København V'),
('1772', 'København V'),
('1773', 'København V'),
('1774', 'København V'),
('1775', 'København V'),
('1777', 'København V'),
('1780', 'København V'),
('1782', 'København V'),
('1785', 'København V'),
('1786', 'København V'),
('1787', 'København V'),
('1790', 'København V'),
('1799', 'København V'),
('1800', 'Frederiksberg C'),
('1801', 'Frederiksberg C'),
('1802', 'Frederiksberg C'),
('1803', 'Frederiksberg C'),
('1804', 'Frederiksberg C'),
('1805', 'Frederiksberg C'),
('1806', 'Frederiksberg C'),
('1807', 'Frederiksberg C'),
('1808', 'Frederiksberg C'),
('1809', 'Frederiksberg C'),
('1810', 'Frederiksberg C'),
('1811', 'Frederiksberg C'),
('1812', 'Frederiksberg C'),
('1813', 'Frederiksberg C'),
('1814', 'Frederiksberg C'),
('1815', 'Frederiksberg C'),
('1816', 'Frederiksberg C'),
('1817', 'Frederiksberg C'),
('1818', 'Frederiksberg C'),
('1819', 'Frederiksberg C'),
('1820', 'Frederiksberg C'),
('1822', 'Frederiksberg C'),
('1823', 'Frederiksberg C'),
('1824', 'Frederiksberg C'),
('1825', 'Frederiksberg C'),
('1826', 'Frederiksberg C'),
('1827', 'Frederiksberg C'),
('1828', 'Frederiksberg C'),
('1829', 'Frederiksberg C'),
('1835', 'Frederiksberg C'),
('1850', 'Frederiksberg C'),
('1851', 'Frederiksberg C'),
('1852', 'Frederiksberg C'),
('1853', 'Frederiksberg C'),
('1854', 'Frederiksberg C'),
('1855', 'Frederiksberg C'),
('1856', 'Frederiksberg C'),
('1857', 'Frederiksberg C'),
('1860', 'Frederiksberg C'),
('1861', 'Frederiksberg C'),
('1862', 'Frederiksberg C'),
('1863', 'Frederiksberg C'),
('1864', 'Frederiksberg C'),
('1865', 'Frederiksberg C'),
('1866', 'Frederiksberg C'),
('1867', 'Frederiksberg C'),
('1868', 'Frederiksberg C'),
('1870', 'Frederiksberg C'),
('1871', 'Frederiksberg C'),
('1872', 'Frederiksberg C'),
('1873', 'Frederiksberg C'),
('1874', 'Frederiksberg C'),
('1875', 'Frederiksberg C'),
('1876', 'Frederiksberg C'),
('1877', 'Frederiksberg C'),
('1878', 'Frederiksberg C'),
('1879', 'Frederiksberg C'),
('1900', 'Frederiksberg C'),
('1901', 'Frederiksberg C'),
('1902', 'Frederiksberg C'),
('1903', 'Frederiksberg C'),
('1904', 'Frederiksberg C'),
('1905', 'Frederiksberg C'),
('1906', 'Frederiksberg C'),
('1908', 'Frederiksberg C'),
('1909', 'Frederiksberg C'),
('1910', 'Frederiksberg C'),
('1911', 'Frederiksberg C'),
('1912', 'Frederiksberg C'),
('1913', 'Frederiksberg C'),
('1914', 'Frederiksberg C'),
('1915', 'Frederiksberg C'),
('1916', 'Frederiksberg C'),
('1917', 'Frederiksberg C'),
('1920', 'Frederiksberg C'),
('1921', 'Frederiksberg C'),
('1922', 'Frederiksberg C'),
('1923', 'Frederiksberg C'),
('1924', 'Frederiksberg C'),
('1925', 'Frederiksberg C'),
('1926', 'Frederiksberg C'),
('1927', 'Frederiksberg C'),
('1928', 'Frederiksberg C'),
('1931', 'Frederiksberg C'),
('1950', 'Frederiksberg C'),
('1951', 'Frederiksberg C'),
('1952', 'Frederiksberg C'),
('1953', 'Frederiksberg C'),
('1954', 'Frederiksberg C'),
('1955', 'Frederiksberg C'),
('1956', 'Frederiksberg C'),
('1957', 'Frederiksberg C'),
('1958', 'Frederiksberg C'),
('1959', 'Frederiksberg C'),
('1960', 'Frederiksberg C'),
('1961', 'Frederiksberg C'),
('1962', 'Frederiksberg C'),
('1963', 'Frederiksberg C'),
('1964', 'Frederiksberg C'),
('1965', 'Frederiksberg C'),
('1966', 'Frederiksberg C'),
('1967', 'Frederiksberg C'),
('1970', 'Frederiksberg C'),
('1971', 'Frederiksberg C'),
('1972', 'Frederiksberg C'),
('1973', 'Frederiksberg C'),
('1974', 'Frederiksberg C'),
('2000', 'Frederiksberg'),
('2100', 'København Ø'),
('2150', 'Nordhavn'),
('2200', 'København N'),
('2300', 'København S'),
('2400', 'København NV'),
('2412', 'Grønland'),
('2450', 'København SV'),
('2500', 'Valby'),
('2600', 'Glostrup'),
('2605', 'Brøndby'),
('2610', 'Rødovre'),
('2620', 'Albertslund'),
('2625', 'Vallensbæk'),
('2630', 'Taastrup'),
('2635', 'Ishøj'),
('2640', 'Hedehusene'),
('2644', 'Spejdernes Lejr 2022'),
('2650', 'Hvidovre'),
('2660', 'Brøndby Strand'),
('2665', 'Vallensbæk Strand'),
('2670', 'Greve'),
('2680', 'Solrød Strand'),
('2690', 'Karlslunde'),
('2700', 'Brønshøj'),
('2720', 'Vanløse'),
('2730', 'Herlev'),
('2740', 'Skovlunde'),
('2750', 'Ballerup'),
('2760', 'Måløv'),
('2765', 'Smørum'),
('2770', 'Kastrup'),
('2791', 'Dragør'),
('2800', 'Kongens Lyngby'),
('2820', 'Gentofte'),
('2830', 'Virum'),
('2840', 'Holte'),
('2850', 'Nærum'),
('2860', 'Søborg'),
('2870', 'Dyssegård'),
('2880', 'Bagsværd'),
('2900', 'Hellerup'),
('2920', 'Charlottenlund'),
('2930', 'Klampenborg'),
('2942', 'Skodsborg'),
('2950', 'Vedbæk'),
('2960', 'Rungsted Kyst'),
('2970', 'Hørsholm'),
('2980', 'Kokkedal'),
('2990', 'Nivå'),
('3000', 'Helsingør'),
('3050', 'Humlebæk'),
('3060', 'Espergærde'),
('3070', 'Snekkersten'),
('3080', 'Tikøb'),
('3100', 'Hornbæk'),
('3120', 'Dronningmølle'),
('3140', 'Ålsgårde'),
('3150', 'Hellebæk'),
('3200', 'Helsinge'),
('3210', 'Vejby'),
('3220', 'Tisvildeleje'),
('3230', 'Græsted'),
('3250', 'Gilleleje'),
('3300', 'Frederiksværk'),
('3310', 'Ølsted'),
('3320', 'Skævinge'),
('3330', 'Gørløse'),
('3360', 'Liseleje'),
('3370', 'Melby'),
('3390', 'Hundested'),
('3400', 'Hillerød'),
('3450', 'Allerød'),
('3460', 'Birkerød'),
('3480', 'Fredensborg'),
('3490', 'Kvistgård'),
('3500', 'Værløse'),
('3520', 'Farum'),
('3540', 'Lynge'),
('3550', 'Slangerup'),
('3600', 'Frederikssund'),
('3630', 'Jægerspris'),
('3650', 'Ølstykke'),
('3660', 'Stenløse'),
('3670', 'Veksø Sjælland'),
('3700', 'Rønne'),
('3720', 'Aakirkeby'),
('3730', 'Nexø'),
('3740', 'Svaneke'),
('3751', 'Østermarie'),
('3760', 'Gudhjem'),
('3770', 'Allinge'),
('3782', 'Klemensker'),
('3790', 'Hasle'),
('4000', 'Roskilde'),
('4030', 'Tune'),
('4040', 'Jyllinge'),
('4050', 'Skibby'),
('4060', 'Kirke Såby'),
('4070', 'Kirke Hyllinge'),
('4100', 'Ringsted'),
('4129', 'Ringsted'),
('4130', 'Viby Sjælland'),
('4140', 'Borup'),
('4160', 'Herlufmagle'),
('4171', 'Glumsø'),
('4173', 'Fjenneslev'),
('4174', 'Jystrup Midtsj'),
('4180', 'Sorø'),
('4190', 'Munke Bjergby'),
('4200', 'Slagelse'),
('4220', 'Korsør'),
('4230', 'Skælskør'),
('4241', 'Vemmelev'),
('4242', 'Boeslunde'),
('4243', 'Rude'),
('4244', 'Agersø'),
('4245', 'Omø'),
('4250', 'Fuglebjerg'),
('4261', 'Dalmose'),
('4262', 'Sandved'),
('4270', 'Høng'),
('4281', 'Gørlev'),
('4291', 'Ruds Vedby'),
('4293', 'Dianalund'),
('4295', 'Stenlille'),
('4296', 'Nyrup'),
('4300', 'Holbæk'),
('4305', 'Orø'),
('4320', 'Lejre'),
('4330', 'Hvalsø'),
('4340', 'Tølløse'),
('4350', 'Ugerløse'),
('4360', 'Kirke Eskilstrup'),
('4370', 'Store Merløse'),
('4390', 'Vipperød'),
('4400', 'Kalundborg'),
('4420', 'Regstrup'),
('4440', 'Mørkøv'),
('4450', 'Jyderup'),
('4460', 'Snertinge'),
('4470', 'Svebølle'),
('4480', 'Store Fuglede'),
('4490', 'Jerslev Sjælland'),
('4500', 'Nykøbing Sj'),
('4520', 'Svinninge'),
('4532', 'Gislinge'),
('4534', 'Hørve'),
('4540', 'Fårevejle'),
('4550', 'Asnæs'),
('4560', 'Vig'),
('4571', 'Grevinge'),
('4572', 'Nørre Asmindrup'),
('4573', 'Højby'),
('4581', 'Rørvig'),
('4583', 'Sjællands Odde'),
('4591', 'Føllenslev'),
('4592', 'Sejerø'),
('4593', 'Eskebjerg'),
('4600', 'Køge'),
('4621', 'Gadstrup'),
('4622', 'Havdrup'),
('4623', 'Lille Skensved'),
('4632', 'Bjæverskov'),
('4640', 'Faxe'),
('4652', 'Hårlev'),
('4653', 'Karise'),
('4654', 'Faxe Ladeplads'),
('4660', 'Store Heddinge'),
('4671', 'Strøby'),
('4672', 'Klippinge'),
('4673', 'Rødvig Stevns'),
('4681', 'Herfølge'),
('4682', 'Tureby'),
('4683', 'Rønnede'),
('4684', 'Holmegaard'),
('4690', 'Haslev'),
('4700', 'Næstved'),
('4720', 'Præstø'),
('4733', 'Tappernøje'),
('4735', 'Mern'),
('4736', 'Karrebæksminde'),
('4750', 'Lundby'),
('4760', 'Vordingborg'),
('4771', 'Kalvehave'),
('4772', 'Langebæk'),
('4773', 'Stensved'),
('4780', 'Stege'),
('4791', 'Borre'),
('4792', 'Askeby'),
('4793', 'Bogø By'),
('4800', 'Nykøbing F'),
('4840', 'Nørre Alslev'),
('4850', 'Stubbekøbing'),
('4862', 'Guldborg'),
('4863', 'Eskilstrup'),
('4871', 'Horbelev'),
('4872', 'Idestrup'),
('4873', 'Væggerløse'),
('4874', 'Gedser'),
('4880', 'Nysted'),
('4891', 'Toreby L'),
('4892', 'Kettinge'),
('4894', 'Øster Ulslev'),
('4895', 'Errindlev'),
('4900', 'Nakskov'),
('4912', 'Harpelunde'),
('4913', 'Horslunde'),
('4920', 'Søllested'),
('4930', 'Maribo'),
('4941', 'Bandholm'),
('4942', 'Askø og Lilleø'),
('4943', 'Torrig L'),
('4944', 'Fejø'),
('4945', 'Femø'),
('4951', 'Nørreballe'),
('4952', 'Stokkemarke'),
('4953', 'Vesterborg'),
('4960', 'Holeby'),
('4970', 'Rødby'),
('4983', 'Dannemare'),
('4990', 'Sakskøbing'),
('4992', 'Midtsjælland USF P'),
('5000', 'Odense C'),
('5029', 'Odense C'),
('5100', 'Odense C'),
('5200', 'Odense V'),
('5210', 'Odense NV'),
('5220', 'Odense SØ'),
('5230', 'Odense M'),
('5240', 'Odense NØ'),
('5250', 'Odense SV'),
('5260', 'Odense S'),
('5270', 'Odense N'),
('5290', 'Marslev'),
('5300', 'Kerteminde'),
('5320', 'Agedrup'),
('5330', 'Munkebo'),
('5350', 'Rynkeby'),
('5370', 'Mesinge'),
('5380', 'Dalby'),
('5390', 'Martofte'),
('5400', 'Bogense'),
('5450', 'Otterup'),
('5462', 'Morud'),
('5463', 'Harndrup'),
('5464', 'Brenderup Fyn'),
('5466', 'Asperup'),
('5471', 'Søndersø'),
('5474', 'Veflinge'),
('5485', 'Skamby'),
('5491', 'Blommenslyst'),
('5492', 'Vissenbjerg'),
('5500', 'Middelfart'),
('5540', 'Ullerslev'),
('5550', 'Langeskov'),
('5560', 'Aarup'),
('5580', 'Nørre Aaby'),
('5591', 'Gelsted'),
('5592', 'Ejby'),
('5600', 'Faaborg'),
('5601', 'Lyø'),
('5602', 'Avernakø'),
('5603', 'Bjørnø'),
('5610', 'Assens'),
('5620', 'Glamsbjerg'),
('5631', 'Ebberup'),
('5642', 'Millinge'),
('5672', 'Broby'),
('5683', 'Haarby'),
('5690', 'Tommerup'),
('5700', 'Svendborg'),
('5750', 'Ringe'),
('5762', 'Vester Skerninge'),
('5771', 'Stenstrup'),
('5772', 'Kværndrup'),
('5792', 'Årslev'),
('5800', 'Nyborg'),
('5853', 'Ørbæk'),
('5854', 'Gislev'),
('5856', 'Ryslinge'),
('5863', 'Ferritslev Fyn'),
('5871', 'Frørup'),
('5874', 'Hesselager'),
('5881', 'Skårup Fyn'),
('5882', 'Vejstrup'),
('5883', 'Oure'),
('5884', 'Gudme'),
('5892', 'Gudbjerg Sydfyn'),
('5900', 'Rudkøbing'),
('5932', 'Humble'),
('5935', 'Bagenkop'),
('5943', 'Strynø'),
('5953', 'Tranekær'),
('5960', 'Marstal'),
('5965', 'Birkholm'),
('5970', 'Ærøskøbing'),
('5985', 'Søby Ærø'),
('6000', 'Kolding'),
('6040', 'Egtved'),
('6051', 'Almind'),
('6052', 'Viuf'),
('6064', 'Jordrup'),
('6070', 'Christiansfeld'),
('6091', 'Bjert'),
('6092', 'Sønder Stenderup'),
('6093', 'Sjølund'),
('6094', 'Hejls'),
('6100', 'Haderslev'),
('6200', 'Aabenraa'),
('6210', 'Barsø'),
('6230', 'Rødekro'),
('6240', 'Løgumkloster'),
('6261', 'Bredebro'),
('6270', 'Tønder'),
('6280', 'Højer'),
('6300', 'Gråsten'),
('6310', 'Broager'),
('6320', 'Egernsund'),
('6330', 'Padborg'),
('6340', 'Kruså'),
('6360', 'Tinglev'),
('6372', 'Bylderup-Bov'),
('6392', 'Bolderslev'),
('6400', 'Sønderborg'),
('6430', 'Nordborg'),
('6440', 'Augustenborg'),
('6470', 'Sydals'),
('6500', 'Vojens'),
('6510', 'Gram'),
('6520', 'Toftlund'),
('6534', 'Agerskov'),
('6535', 'Branderup J'),
('6541', 'Bevtoft'),
('6560', 'Sommersted'),
('6580', 'Vamdrup'),
('6600', 'Vejen'),
('6621', 'Gesten'),
('6622', 'Bække'),
('6623', 'Vorbasse'),
('6630', 'Rødding'),
('6640', 'Lunderskov'),
('6650', 'Brørup'),
('6660', 'Lintrup'),
('6670', 'Holsted'),
('6682', 'Hovborg'),
('6683', 'Føvling'),
('6690', 'Gørding'),
('6700', 'Esbjerg'),
('6701', 'Esbjerg'),
('6705', 'Esbjerg Ø'),
('6710', 'Esbjerg V'),
('6715', 'Esbjerg N'),
('6720', 'Fanø'),
('6731', 'Tjæreborg'),
('6740', 'Bramming'),
('6752', 'Glejbjerg'),
('6753', 'Agerbæk'),
('6760', 'Ribe'),
('6771', 'Gredstedbro'),
('6780', 'Skærbæk'),
('6792', 'Rømø'),
('6800', 'Varde'),
('6818', 'Årre'),
('6823', 'Ansager'),
('6830', 'Nørre Nebel'),
('6840', 'Oksbøl'),
('6851', 'Janderup Vestj'),
('6852', 'Billum'),
('6853', 'Vejers Strand'),
('6854', 'Henne'),
('6855', 'Outrup'),
('6857', 'Blåvand'),
('6862', 'Tistrup'),
('6870', 'Ølgod'),
('6880', 'Tarm'),
('6893', 'Hemmet'),
('6900', 'Skjern'),
('6920', 'Videbæk'),
('6933', 'Kibæk'),
('6940', 'Lem St'),
('6950', 'Ringkøbing'),
('6960', 'Hvide Sande'),
('6971', 'Spjald'),
('6973', 'Ørnhøj'),
('6980', 'Tim'),
('6990', 'Ulfborg'),
('7000', 'Fredericia'),
('7007', 'Fredericia'),
('7017', 'Taulov Pakkecenter'),
('7018', 'Pakker TLP'),
('7029', 'Fredericia'),
('7080', 'Børkop'),
('7100', 'Vejle'),
('7120', 'Vejle Øst'),
('7130', 'Juelsminde'),
('7140', 'Stouby'),
('7150', 'Barrit'),
('7160', 'Tørring'),
('7171', 'Uldum'),
('7173', 'Vonge'),
('7182', 'Bredsten'),
('7183', 'Randbøl'),
('7184', 'Vandel'),
('7190', 'Billund'),
('7200', 'Grindsted'),
('7250', 'Hejnsvig'),
('7260', 'Sønder Omme'),
('7270', 'Stakroge'),
('7280', 'Sønder Felding'),
('7300', 'Jelling'),
('7321', 'Gadbjerg'),
('7323', 'Give'),
('7330', 'Brande'),
('7361', 'Ejstrupholm'),
('7362', 'Hampen'),
('7400', 'Herning'),
('7429', 'Herning'),
('7430', 'Ikast'),
('7441', 'Bording'),
('7442', 'Engesvang'),
('7451', 'Sunds'),
('7470', 'Karup J'),
('7480', 'Vildbjerg'),
('7490', 'Aulum'),
('7500', 'Holstebro'),
('7540', 'Haderup'),
('7550', 'Sørvad'),
('7560', 'Hjerm'),
('7570', 'Vemb'),
('7600', 'Struer'),
('7620', 'Lemvig'),
('7650', 'Bøvlingbjerg'),
('7660', 'Bækmarksbro'),
('7673', 'Harboøre'),
('7680', 'Thyborøn'),
('7700', 'Thisted'),
('7730', 'Hanstholm'),
('7741', 'Frøstrup'),
('7742', 'Vesløs'),
('7752', 'Snedsted'),
('7755', 'Bedsted Thy'),
('7760', 'Hurup Thy'),
('7770', 'Vestervig'),
('7790', 'Thyholm'),
('7800', 'Skive'),
('7830', 'Vinderup'),
('7840', 'Højslev'),
('7850', 'Stoholm Jyll'),
('7860', 'Spøttrup'),
('7870', 'Roslev'),
('7884', 'Fur'),
('7900', 'Nykøbing M'),
('7950', 'Erslev'),
('7960', 'Karby'),
('7970', 'Redsted M'),
('7980', 'Vils'),
('7990', 'Øster Assels'),
('7992', 'Sydjylland/Fyn USF P'),
('7993', 'Sydjylland/Fyn USF B'),
('7996', 'Fakturaservice'),
('7997', 'Fakturascanning'),
('7998', 'Statsservice'),
('7999', 'Kommunepost'),
('8000', 'Aarhus C'),
('8100', 'Aarhus C'),
('8200', 'Aarhus N'),
('8210', 'Aarhus V'),
('8220', 'Brabrand'),
('8229', 'Risskov Ø'),
('8230', 'Åbyhøj'),
('8240', 'Risskov'),
('8245', 'Risskov Ø'),
('8250', 'Egå'),
('8260', 'Viby J'),
('8270', 'Højbjerg'),
('8300', 'Odder'),
('8305', 'Samsø'),
('8310', 'Tranbjerg J'),
('8320', 'Mårslet'),
('8330', 'Beder'),
('8340', 'Malling'),
('8350', 'Hundslund'),
('8355', 'Solbjerg'),
('8361', 'Hasselager'),
('8362', 'Hørning'),
('8370', 'Hadsten'),
('8380', 'Trige'),
('8381', 'Tilst'),
('8382', 'Hinnerup'),
('8400', 'Ebeltoft'),
('8410', 'Rønde'),
('8420', 'Knebel'),
('8444', 'Balle'),
('8450', 'Hammel'),
('8462', 'Harlev J'),
('8464', 'Galten'),
('8471', 'Sabro'),
('8472', 'Sporup'),
('8500', 'Grenaa'),
('8520', 'Lystrup'),
('8530', 'Hjortshøj'),
('8541', 'Skødstrup'),
('8543', 'Hornslet'),
('8544', 'Mørke'),
('8550', 'Ryomgård'),
('8560', 'Kolind'),
('8570', 'Trustrup'),
('8581', 'Nimtofte'),
('8585', 'Glesborg'),
('8586', 'Ørum Djurs'),
('8592', 'Anholt'),
('8600', 'Silkeborg'),
('8620', 'Kjellerup'),
('8632', 'Lemming'),
('8641', 'Sorring'),
('8643', 'Ans By'),
('8653', 'Them'),
('8654', 'Bryrup'),
('8660', 'Skanderborg'),
('8670', 'Låsby'),
('8680', 'Ry'),
('8700', 'Horsens'),
('8721', 'Daugård'),
('8722', 'Hedensted'),
('8723', 'Løsning'),
('8732', 'Hovedgård'),
('8740', 'Brædstrup'),
('8751', 'Gedved'),
('8752', 'Østbirk'),
('8762', 'Flemming'),
('8763', 'Rask Mølle'),
('8765', 'Klovborg'),
('8766', 'Nørre Snede'),
('8781', 'Stenderup'),
('8783', 'Hornsyld'),
('8789', 'Endelave'),
('8799', 'Tunø'),
('8800', 'Viborg'),
('8830', 'Tjele'),
('8831', 'Løgstrup'),
('8832', 'Skals'),
('8840', 'Rødkærsbro'),
('8850', 'Bjerringbro'),
('8860', 'Ulstrup'),
('8870', 'Langå'),
('8881', 'Thorsø'),
('8882', 'Fårvang'),
('8883', 'Gjern'),
('8900', 'Randers C'),
('8920', 'Randers NV'),
('8930', 'Randers NØ'),
('8940', 'Randers SV'),
('8950', 'Ørsted'),
('8960', 'Randers SØ'),
('8961', 'Allingåbro'),
('8963', 'Auning'),
('8970', 'Havndal'),
('8981', 'Spentrup'),
('8983', 'Gjerlev J'),
('8990', 'Fårup'),
('9000', 'Aalborg'),
('9029', 'Aalborg'),
('9100', 'Aalborg'),
('9200', 'Aalborg SV'),
('9210', 'Aalborg SØ'),
('9220', 'Aalborg Øst'),
('9230', 'Svenstrup J'),
('9240', 'Nibe'),
('9260', 'Gistrup'),
('9270', 'Klarup'),
('9280', 'Storvorde'),
('9293', 'Kongerslev'),
('9300', 'Sæby'),
('9310', 'Vodskov'),
('9320', 'Hjallerup'),
('9330', 'Dronninglund'),
('9340', 'Asaa'),
('9352', 'Dybvad'),
('9362', 'Gandrup'),
('9370', 'Hals'),
('9380', 'Vestbjerg'),
('9381', 'Sulsted'),
('9382', 'Tylstrup'),
('9400', 'Nørresundby'),
('9430', 'Vadum'),
('9440', 'Aabybro'),
('9460', 'Brovst'),
('9480', 'Løkken'),
('9490', 'Pandrup'),
('9492', 'Blokhus'),
('9493', 'Saltum'),
('9500', 'Hobro'),
('9510', 'Arden'),
('9520', 'Skørping'),
('9530', 'Støvring'),
('9541', 'Suldrup'),
('9550', 'Mariager'),
('9560', 'Hadsund'),
('9574', 'Bælum'),
('9575', 'Terndrup'),
('9600', 'Aars'),
('9610', 'Nørager'),
('9620', 'Aalestrup'),
('9631', 'Gedsted'),
('9632', 'Møldrup'),
('9640', 'Farsø'),
('9670', 'Løgstør'),
('9681', 'Ranum'),
('9690', 'Fjerritslev'),
('9700', 'Brønderslev'),
('9740', 'Jerslev J'),
('9750', 'Østervrå'),
('9760', 'Vrå'),
('9800', 'Hjørring'),
('9830', 'Tårs'),
('9850', 'Hirtshals'),
('9870', 'Sindal'),
('9881', 'Bindslev'),
('9900', 'Frederikshavn'),
('9940', 'Læsø'),
('9970', 'Strandby'),
('9981', 'Jerup'),
('9982', 'Ålbæk'),
('9990', 'Skagen'),
('9992', 'Jylland USF P'),
('9993', 'Jylland USF B'),
('9996', 'Fakturaservice'),
('9997', 'Fakturascanning'),
('9998', 'Borgerservice');

-- --------------------------------------------------------

--
-- Struktur-dump for tabellen `toppings`
--

CREATE TABLE `toppings` (
  `ToppingID` int(11) NOT NULL,
  `ToppingName` varchar(255) DEFAULT NULL
) ENGINE=InnoDB DEFAULT CHARSET=utf8mb4 COLLATE=utf8mb4_general_ci;

--
-- Data dump for tabellen `toppings`
--

INSERT INTO `toppings` (`ToppingID`, `ToppingName`) VALUES
(1, 'Tomat'),
(2, 'Mozzarella'),
(3, 'Basilikum'),
(4, 'Pepperoni'),
(5, 'Ost'),
(6, 'Tomatsauce'),
(7, 'Champignon'),
(8, 'Løg'),
(9, 'Peberfrugt'),
(10, 'Oliven'),
(11, 'Kylling'),
(12, 'Barbecuesauce'),
(13, 'Gedeost'),
(14, 'Parmesan'),
(15, 'Cheddar'),
(16, 'Skinke'),
(17, 'Ananas'),
(18, 'Artiskok'),
(19, 'Spinat'),
(20, 'Fetaost'),
(21, 'Rejer'),
(22, 'Blæksprutte'),
(23, 'Muslinger'),
(24, 'Oksekød'),
(25, 'Jalapeños'),
(26, 'Salsa'),
(27, 'Pesto'),
(28, 'Broccoli'),
(29, 'Squash'),
(30, 'Cherrytomater'),
(31, 'Parmaskinke'),
(32, 'Trøffelolie'),
(33, 'Soltørrede tomater'),
(34, 'Blå ost'),
(35, 'Pærer'),
(36, 'Valnødder'),
(37, 'Provolone ost'),
(38, 'Hvidløgssmør'),
(39, 'Persille'),
(40, 'Balsamico'),
(41, 'Agurker'),
(42, 'Alfredosauce'),
(43, 'Basilikumpesto'),
(44, 'Krydret pølse'),
(45, 'Vegansk ost'),
(46, 'Grøntsager'),
(47, 'Koriander');

-- --------------------------------------------------------

--
-- Struktur for visning `kunde_view`
--
DROP TABLE IF EXISTS `kunde_view`;

CREATE ALGORITHM=UNDEFINED DEFINER=`root`@`localhost` SQL SECURITY DEFINER VIEW `kunde_view`  AS SELECT `kunde`.`KundeID` AS `KundeID`, `kunde`.`Fornavn` AS `Fornavn`, `kunde`.`Efternavn` AS `Efternavn`, `kunde`.`Telefon` AS `Telefon`, `kunde`.`Adresse` AS `Adresse`, `postnrby`.`Postnr` AS `Postnr`, `postnrby`.`Bynavn` AS `Bynavn` FROM (`kunde` left join `postnrby` on(`kunde`.`Postnummer` = `postnrby`.`Postnr`)) GROUP BY `kunde`.`KundeID` ;

-- --------------------------------------------------------

--
-- Struktur for visning `ordrer_totalpris`
--
DROP TABLE IF EXISTS `ordrer_totalpris`;

CREATE ALGORITHM=UNDEFINED DEFINER=`root`@`localhost` SQL SECURITY DEFINER VIEW `ordrer_totalpris`  AS SELECT `ordrer_view`.`ID` AS `ID`, sum(`ordrer_view`.`Pris`) AS `TotalPris` FROM `ordrer_view` GROUP BY `ordrer_view`.`ID` ;

-- --------------------------------------------------------

--
-- Struktur for visning `ordrer_view`
--
DROP TABLE IF EXISTS `ordrer_view`;

CREATE ALGORITHM=UNDEFINED DEFINER=`root`@`localhost` SQL SECURITY DEFINER VIEW `ordrer_view`  AS SELECT `ordrer`.`ID` AS `ID`, `ordrer`.`Oprettet` AS `Oprettet`, `ordrer`.`Betalt` AS `Betalt`, `ordrer`.`Faerdig` AS `Faerdig`, `pizzamenu_view`.`PizzaID` AS `PizzaID`, `pizzamenu_view`.`PizzaNavn` AS `PizzaNavn`, `pizzamenu_view`.`Toppings` AS `Toppings`, `pizzamenu_view`.`StkPris` AS `StkPris`, `pizzaordrer`.`Antal` AS `Antal`, `pizzaordrer`.`Antal`* `pizzamenu_view`.`StkPris` AS `Pris`, `ordrer`.`TotalPris` AS `TotalPris`, `kunde_view`.`KundeID` AS `KundeID`, `kunde_view`.`Fornavn` AS `Fornavn`, `kunde_view`.`Efternavn` AS `Efternavn`, `kunde_view`.`Telefon` AS `Telefon`, `kunde_view`.`Adresse` AS `Adresse`, `kunde_view`.`Postnr` AS `Postnr`, `kunde_view`.`Bynavn` AS `Bynavn` FROM (((`ordrer` left join `pizzaordrer` on(`ordrer`.`ID` = `pizzaordrer`.`OrdrerID`)) left join `pizzamenu_view` on(`pizzaordrer`.`PizzaID` = `pizzamenu_view`.`PizzaID`)) left join `kunde_view` on(`ordrer`.`KundeID` = `kunde_view`.`KundeID`)) ;

-- --------------------------------------------------------

--
-- Struktur for visning `pizzamenu_view`
--
DROP TABLE IF EXISTS `pizzamenu_view`;

CREATE ALGORITHM=UNDEFINED DEFINER=`root`@`localhost` SQL SECURITY DEFINER VIEW `pizzamenu_view`  AS SELECT `pizzamenu`.`PizzaID` AS `PizzaID`, `pizzamenu`.`PizzaNavn` AS `PizzaNavn`, group_concat(`toppings`.`ToppingName` separator ', ') AS `Toppings`, `pizzamenu`.`StkPris` AS `StkPris` FROM ((`pizzamenu` left join `pizzatoppings` on(`pizzamenu`.`PizzaID` = `pizzatoppings`.`PizzaID`)) left join `toppings` on(`pizzatoppings`.`ToppingID` = `toppings`.`ToppingID`)) GROUP BY `pizzamenu`.`PizzaID` ;

--
-- Begrænsninger for dumpede tabeller
--

--
-- Indeks for tabel `kunde`
--
ALTER TABLE `kunde`
  ADD PRIMARY KEY (`KundeID`),
  ADD KEY `Postnummer` (`Postnummer`);

--
-- Indeks for tabel `ordrer`
--
ALTER TABLE `ordrer`
  ADD PRIMARY KEY (`ID`),
  ADD KEY `KundeID` (`KundeID`);

--
-- Indeks for tabel `pizzamenu`
--
ALTER TABLE `pizzamenu`
  ADD PRIMARY KEY (`PizzaID`);

--
-- Indeks for tabel `pizzaordrer`
--
ALTER TABLE `pizzaordrer`
  ADD PRIMARY KEY (`PizzaID`,`OrdrerID`),
  ADD KEY `OrdrerID` (`OrdrerID`);

--
-- Indeks for tabel `pizzatoppings`
--
ALTER TABLE `pizzatoppings`
  ADD PRIMARY KEY (`PizzaID`,`ToppingID`),
  ADD KEY `ToppingID` (`ToppingID`);

--
-- Indeks for tabel `postnrby`
--
ALTER TABLE `postnrby`
  ADD PRIMARY KEY (`Postnr`);

--
-- Indeks for tabel `toppings`
--
ALTER TABLE `toppings`
  ADD PRIMARY KEY (`ToppingID`);

--
-- Brug ikke AUTO_INCREMENT for slettede tabeller
--

--
-- Tilføj AUTO_INCREMENT i tabel `kunde`
--
ALTER TABLE `kunde`
  MODIFY `KundeID` int(11) NOT NULL AUTO_INCREMENT, AUTO_INCREMENT=102;

--
-- Tilføj AUTO_INCREMENT i tabel `ordrer`
--
ALTER TABLE `ordrer`
  MODIFY `ID` int(11) NOT NULL AUTO_INCREMENT, AUTO_INCREMENT=1122;

--
-- Tilføj AUTO_INCREMENT i tabel `pizzamenu`
--
ALTER TABLE `pizzamenu`
  MODIFY `PizzaID` int(11) NOT NULL AUTO_INCREMENT, AUTO_INCREMENT=31;

--
-- Tilføj AUTO_INCREMENT i tabel `toppings`
--
ALTER TABLE `toppings`
  MODIFY `ToppingID` int(11) NOT NULL AUTO_INCREMENT, AUTO_INCREMENT=48;

--
-- Begrænsninger for dumpede tabeller
--

--
-- Begrænsninger for tabel `kunde`
--
ALTER TABLE `kunde`
  ADD CONSTRAINT `kunde_ibfk_1` FOREIGN KEY (`Postnummer`) REFERENCES `postnrby` (`Postnr`) ON DELETE SET NULL ON UPDATE CASCADE;

--
-- Begrænsninger for tabel `ordrer`
--
ALTER TABLE `ordrer`
  ADD CONSTRAINT `ordrer_ibfk_1` FOREIGN KEY (`KundeID`) REFERENCES `kunde` (`KundeID`) ON UPDATE CASCADE;

--
-- Begrænsninger for tabel `pizzaordrer`
--
ALTER TABLE `pizzaordrer`
  ADD CONSTRAINT `pizzaordrer_ibfk_1` FOREIGN KEY (`PizzaID`) REFERENCES `pizzamenu` (`PizzaID`) ON UPDATE CASCADE,
  ADD CONSTRAINT `pizzaordrer_ibfk_2` FOREIGN KEY (`OrdrerID`) REFERENCES `ordrer` (`ID`) ON DELETE CASCADE ON UPDATE CASCADE;

--
-- Begrænsninger for tabel `pizzatoppings`
--
ALTER TABLE `pizzatoppings`
  ADD CONSTRAINT `pizzatoppings_ibfk_1` FOREIGN KEY (`PizzaID`) REFERENCES `pizzamenu` (`PizzaID`) ON DELETE CASCADE ON UPDATE CASCADE,
  ADD CONSTRAINT `pizzatoppings_ibfk_2` FOREIGN KEY (`ToppingID`) REFERENCES `toppings` (`ToppingID`) ON DELETE CASCADE ON UPDATE CASCADE;
COMMIT;

/*!40101 SET CHARACTER_SET_CLIENT=@OLD_CHARACTER_SET_CLIENT */;
/*!40101 SET CHARACTER_SET_RESULTS=@OLD_CHARACTER_SET_RESULTS */;
/*!40101 SET COLLATION_CONNECTION=@OLD_COLLATION_CONNECTION */;
